{
    "$schema": "http://json-schema.org/draft-07/schema",
    "$id": "http://example.com/example.json",
    "type": "array",
    "title": "The root schema",
    "description": "The root schema comprises the entire JSON document.",
    "default": [],
    "examples": [
        [
            {
                "status": "",
                "title": "Semua",
                "detail": ""
            },
            {
                "status": "waiting_for_payment",
                "title": "Menunggu Pembayaran",
                "detail": "Sedang Menunggu Pembayaran"
            }
        ]
    ],
    "additionalItems": true,
    "items": {
        "$id": "#/items",
        "anyOf": [
            {
                "$id": "#/items/anyOf/0",
                "type": "object",
                "title": "The first anyOf schema",
                "description": "An explanation about the purpose of this instance.",
                "default": {},
                "examples": [
                    {
                        "status": "",
                        "title": "Semua",
                        "detail": ""
                    }
                ],
                "required": [
                    "status",
                    "title",
                    "detail"
                ],
                "properties": {
                    "status": {
                        "$id": "#/items/anyOf/0/properties/status",
                        "type": "string",
                        "title": "The status schema",
                        "description": "An explanation about the purpose of this instance.",
                        "default": "",
                        "examples": [
                            ""
                        ]
                    },
                    "title": {
                        "$id": "#/items/anyOf/0/properties/title",
                        "type": "string",
                        "title": "The title schema",
                        "description": "An explanation about the purpose of this instance.",
                        "default": "",
                        "examples": [
                            "Semua"
                        ]
                    },
                    "detail": {
                        "$id": "#/items/anyOf/0/properties/detail",
                        "type": "string",
                        "title": "The detail schema",
                        "description": "An explanation about the purpose of this instance.",
                        "default": "",
                        "examples": [
                            ""
                        ]
                    }
                },
                "additionalProperties": true
            }
        ]
    }
}